{"epoch": 0, "Loss": 5.134170952821389, "Train/Accuracy on Labelled Data": 0.9009014423076923, "Train/LR": 0.10000000149011612, "Train/Accuracies All": 0.2539, "Trian Accuracies Old": 0.2647, "Train/Accuracies New": 0.2323, "Test/Accuracies All": 0.2529, "Test/Accuracies Old": 0.2625, "Test/Accuracies New": 0.2145, "_timestamp": 1655885173, "_runtime": 123, "_step": 0, "_wandb": {"runtime": 155}}