{"epoch": 18, "Loss": 3.969806748170119, "Train/Accuracy on Labelled Data": 0.8112980769230769, "Train/LR": 0.0403052382171154, "Train/Accuracies All": 0.30246666666666666, "Train/Accuracies Old": 0.3437, "Train/Accuracies New": 0.22, "Test/Accuracies All": 0.3216, "Test/Accuracies Old": 0.342625, "Test/Accuracies New": 0.2375, "_timestamp": 1655888454, "_runtime": 2884, "_step": 18}